Workbook
Name _Ref217293357: ForZOI!$B$1
Name TableName: "Dummy"

Sheet README
A1: This worksheet is used to develop input data for DSM2 and for the weekly real-time assessment summary report.
A3: Workflow:
A4: Thuy Washburn at CVO sends Adam Witt four csv files with measured and forecast data based on four OMR scenarios (-6,500, -5,000, -3,500, -2000)
A5: Adam copies flow_export_review.xlsx from previous week into current week input folder
A6: Adam copies csv data provided by CVO into the four data sheets in this folder and renames them to match CVO sheet names
A7: Adam updates cell A3 in plot_example worksheet to align with forecast start date for current week
A8: If necessary, Adam extends data in each sheet by copying the last day and repeating that value into the future up to 3 weeks after the forecast start date
A9: Figures and tables from plot_example are copied over to the current week's real-time assessment
A10: Adam sends weekly flow value and flow bin categories to Roja for ZOI plot labels

Sheet ForZOI
B1: Reclamation Forecast Flow and Export Data
B2: Weekly Averaged Forecasted Flow Data and Flow Bins:
B3: Forecast Week | C3: Sacramento River at Freeport (cfs) | D3: Sac Flow Bin | E3: San Joaquin River at Vernalis (cfs) | F3: SJR Flow Bin | G3: Delta Inflow Bin
B4: =plot_example!S35 -> Week 1 (03/24/2026 - 03/30/2026) | C4: =plot_example!T35 -> 14894.857 | D4: =plot_example!U35 -> med | E4: =plot_example!V35 -> 2162.2857 | F4: =plot_example!W35 -> med | G4: =plot_example!X35 -> medmed
B5: =plot_example!S36 -> Week 2 (03/31/2026 - 04/06/2026) | C5: =plot_example!T36 -> 12602.143 | D5: =plot_example!U36 -> lo | E5: =plot_example!V36 -> 1984.8571 | F5: =plot_example!W36 -> med | G5: =plot_example!X36 -> lomed
B6: =plot_example!S37 -> Week 3 (04/07/2026 - 04/13/2026) | C6: =plot_example!T37 -> 10000 | D6: =plot_example!U37 -> lo | E6: =plot_example!V37 -> 2000 | F6: =plot_example!W37 -> med | G6: =plot_example!X37 -> lomed

Sheet plot_example
B1: cfs | E1: cfs | H1: OMR = -6,500 | Q1: OMR = -5,000 | Z1: OMR = -3,500 | AL1: OMR = -2,000 | AR1: tpp/ccf | AS1: 6500 | AT1: 5000 | AU1: 3250 | AV1: 2000
B2: FPT | C2: FPT Measured | D2: FPT Forecast | E2: VNS | F2: VNS Measured | G2: VNS Forecast | H2: OMR (cfs) | K2: CCF (cfs) | L2: CCF Measured | N2: TPP (cfs) | O2: TPP Measured | Q2: OMR (cfs) | T2: CCF (cfs) | W2: TPP (cfs) | Z2: OMR (cfs) | AC2: CCF (cfs) | AF2: TPP (cfs) | AI2: OMR (cfs) | AL2: CCF (cfs) | AO2: TPP (cfs)
A3: 46105 | B3: =INDEX('03_25_OMRI-2000'!$E$4:$E$393,MATCH($A3,'03_25_OMRI-2000'!$A$4:$A$393,0)) -> 18400 | C3: =DSM2_Historic_data!B3 -> 0 | D3: =B3 -> 18400 | E3: =INDEX('03_25_OMRI-2000'!$D$4:$D$393,MATCH($A3,'03_25_OMRI-2000'!$A$4:$A$393,0)) -> 2683 | F3: =DSM2_Historic_data!C3 -> 0 | G3: =E3 -> 2683 | H3: =-6500 -> -6500 | J3: =H3 -> -6500 | K3: =INDEX('03_25_OMRI -6500'!$B4:$B400,MATCH($A3,'03_25_OMRI -6500'!$A4:$A400,0))/1.98 -> 3205.0505 | L3: =DSM2_Historic_data!D3 -> 0 | M3: =K3 -> 3205.0505 | N3: =INDEX('03_25_OMRI -6500'!$C4:$C400,MATCH($A3,'03_25_OMRI -6500'!$A4:$A400,0))/1.98 -> 3499.4949 | O3: =DSM2_Historic_data!E3 -> 0 | P3: =N3 -> 3499.4949 | Q3: -5000 | S3: =Q3 -> -5000 | T3: =INDEX('03_25_OMRI -5000'!$B4:$B393,MATCH($A3,'03_25_OMRI -5000'!$A4:$A393,0))/1.98 -> 3205.0505 | V3: =T3 -> 3205.0505 | W3: =INDEX('03_25_OMRI -5000'!$C4:$C393,MATCH($A3,'03_25_OMRI -5000'!$A4:$A393,0))/1.98 -> 3499.4949 | Y3: =W3 -> 3499.4949 | Z3: -3500 | AB3: =Z3 -> -3500 | AC3: =INDEX('03_25_OMRI -3500'!$B4:$B393,MATCH($A3,'03_25_OMRI -3500'!$A4:$A393,0))/1.98 -> 3205.0505 | AE3: =AC3 -> 3205.0505 | AF3: =INDEX('03_25_OMRI -3500'!$C4:$C393,MATCH($A3,'03_25_OMRI -3500'!$A4:$A393,0))/1.98 -> 3499.4949 | AH3: =AF3 -> 3499.4949 | AI3: -2000 | AK3: =AI3 -> -2000 | AL3: =INDEX('03_25_OMRI-2000'!$B4:$B393,MATCH($A3,'03_25_OMRI-2000'!$A4:$A393,0))/1.98 -> 3205.0505 | AN3: =AL3 -> 3205.0505 | AO3: =INDEX('03_25_OMRI-2000'!$C4:$C393,MATCH($A3,'03_25_OMRI-2000'!$A4:$A393,0))/1.98 -> 3499.4949 | AQ3: =AO3 -> 3499.4949 | AS3: =N3/(K3+N3) -> 0.52195857 | AT3: =W3/(T3+W3) -> 0.52195857 | AU3: =AF3/(AC3+AF3) -> 0.52195857 | AV3: =AO3/(AL3+AO3) -> 0.52195857
A4: =A3+1 -> 46106 | B4: =INDEX('03_25_OMRI-2000'!$E$4:$E$393,MATCH($A4,'03_25_OMRI-2000'!$A$4:$A$393,0)) -> 17028 | C4: =DSM2_Historic_data!B4 -> 0 | D4: =B4 -> 17028 | E4: =INDEX('03_25_OMRI-2000'!$D$4:$D$393,MATCH($A4,'03_25_OMRI-2000'!$A$4:$A$393,0)) -> 2420 | F4: =DSM2_Historic_data!C4 -> 0 | G4: =E4 -> 2420 | H4: =-6500 -> -6500 | J4: =H4 -> -6500 | K4: =INDEX('03_25_OMRI -6500'!$B5:$B401,MATCH($A4,'03_25_OMRI -6500'!$A5:$A401,0))/1.98 -> 4608.0808 | L4: =DSM2_Historic_data!D4 -> 0 | M4: =K4 -> 4608.0808 | N4: =INDEX('03_25_OMRI -6500'!$C5:$C401,MATCH($A4,'03_25_OMRI -6500'!$A5:$A401,0))/1.98 -> 3499.4949 | O4: =DSM2_Historic_data!E4 -> 0 | P4: =N4 -> 3499.4949 | Q4: -5000 | S4: =Q4 -> -5000 | T4: =INDEX('03_25_OMRI -5000'!$B5:$B394,MATCH($A4,'03_25_OMRI -5000'!$A5:$A394,0))/1.98 -> 2905.0505 | V4: =T4 -> 2905.0505 | W4: =INDEX('03_25_OMRI -5000'!$C5:$C394,MATCH($A4,'03_25_OMRI -5000'!$A5:$A394,0))/1.98 -> 3499.4949 | Y4: =W4 -> 3499.4949 | Z4: -3500 | AB4: =Z4 -> -3500 | AC4: =INDEX('03_25_OMRI -3500'!$B5:$B394,MATCH($A4,'03_25_OMRI -3500'!$A5:$A394,0))/1.98 -> 1302.5253 | AE4: =AC4 -> 1302.5253 | AF4: =INDEX('03_25_OMRI -3500'!$C5:$C394,MATCH($A4,'03_25_OMRI -3500'!$A5:$A394,0))/1.98 -> 3499.4949 | AH4: =AF4 -> 3499.4949 | AI4: -2000 | AK4: =AI4 -> -2000 | AL4: =INDEX('03_25_OMRI-2000'!$B5:$B394,MATCH($A4,'03_25_OMRI-2000'!$A5:$A394,0))/1.98 -> 300.50505 | AN4: =AL4 -> 300.50505 | AO4: =INDEX('03_25_OMRI-2000'!$C5:$C394,MATCH($A4,'03_25_OMRI-2000'!$A5:$A394,0))/1.98 -> 3499.4949 | AQ4: =AO4 -> 3499.4949 | AS4: =N4/(K4+N4) -> 0.43163272 | AT4: =W4/(T4+W4) -> 0.54640801 | AU4: =AF4/(AC4+AF4) -> 0.72875473 | AV4: =AO4/(AL4+AO4) -> 0.92091972
A5: =A4+1 -> 46107 | B5: =INDEX('03_25_OMRI-2000'!$E$4:$E$393,MATCH($A5,'03_25_OMRI-2000'!$A$4:$A$393,0)) -> 15383 | C5: =DSM2_Historic_data!B5 -> 0 | D5: =B5 -> 15383 | E5: =INDEX('03_25_OMRI-2000'!$D$4:$D$393,MATCH($A5,'03_25_OMRI-2000'!$A$4:$A$393,0)) -> 2218 | F5: =DSM2_Historic_data!C5 -> 0 | G5: =E5 -> 2218 | H5: =-6500 -> -6500 | J5: =H5 -> -6500 | K5: =INDEX('03_25_OMRI -6500'!$B6:$B402,MATCH($A5,'03_25_OMRI -6500'!$A6:$A402,0))/1.98 -> 4407.5758 | L5: =DSM2_Historic_data!D5 -> 0 | M5: =K5 -> 4407.5758 | N5: =INDEX('03_25_OMRI -6500'!$C6:$C402,MATCH($A5,'03_25_OMRI -6500'!$A6:$A402,0))/1.98 -> 3499.4949 | O5: =DSM2_Historic_data!E5 -> 0 | P5: =N5 -> 3499.4949 | Q5: -5000 | S5: =Q5 -> -5000 | T5: =INDEX('03_25_OMRI -5000'!$B6:$B395,MATCH($A5,'03_25_OMRI -5000'!$A6:$A395,0))/1.98 -> 2805.0505 | V5: =T5 -> 2805.0505 | W5: =INDEX('03_25_OMRI -5000'!$C6:$C395,MATCH($A5,'03_25_OMRI -5000'!$A6:$A395,0))/1.98 -> 3499.4949 | Y5: =W5 -> 3499.4949 | Z5: -3500 | AB5: =Z5 -> -3500 | AC5: =INDEX('03_25_OMRI -3500'!$B6:$B395,MATCH($A5,'03_25_OMRI -3500'!$A6:$A395,0))/1.98 -> 1102.0202 | AE5: =AC5 -> 1102.0202 | AF5: =INDEX('03_25_OMRI -3500'!$C6:$C395,MATCH($A5,'03_25_OMRI -3500'!$A6:$A395,0))/1.98 -> 3499.4949 | AH5: =AF5 -> 3499.4949 | AI5: -2000 | AK5: =AI5 -> -2000 | AL5: =INDEX('03_25_OMRI-2000'!$B6:$B395,MATCH($A5,'03_25_OMRI-2000'!$A6:$A395,0))/1.98 -> 300.50505 | AN5: =AL5 -> 300.50505 | AO5: =INDEX('03_25_OMRI-2000'!$C6:$C395,MATCH($A5,'03_25_OMRI-2000'!$A6:$A395,0))/1.98 -> 3499.4949 | AQ5: =AO5 -> 3499.4949 | AS5: =N5/(K5+N5) -> 0.44257793 | AT5: =W5/(T5+W5) -> 0.5550749 | AU5: =AF5/(AC5+AF5) -> 0.76050927 | AV5: =AO5/(AL5+AO5) -> 0.92091972
A6: =A5+1 -> 46108 | B6: =INDEX('03_25_OMRI-2000'!$E$4:$E$393,MATCH($A6,'03_25_OMRI-2000'!$A$4:$A$393,0)) -> 14049 | C6: =DSM2_Historic_data!B6 -> 0 | D6: =B6 -> 14049 | E6: =INDEX('03_25_OMRI-2000'!$D$4:$D$393,MATCH($A6,'03_25_OMRI-2000'!$A$4:$A$393,0)) -> 2068 | F6: =DSM2_Historic_data!C6 -> 0 | G6: =E6 -> 2068 | H6: =-6500 -> -6500 | J6: =H6 -> -6500 | K6: =INDEX('03_25_OMRI -6500'!$B7:$B403,MATCH($A6,'03_25_OMRI -6500'!$A7:$A403,0))/1.98 -> 3606.5657 | L6: =DSM2_Historic_data!D6 -> 0 | M6: =K6 -> 3606.5657 | N6: =INDEX('03_25_OMRI -6500'!$C7:$C403,MATCH($A6,'03_25_OMRI -6500'!$A7:$A403,0))/1.98 -> 4207.5758 | O6: =DSM2_Historic_data!E6 -> 0 | P6: =N6 -> 4207.5758 | Q6: -5000 | S6: =Q6 -> -5000 | T6: =INDEX('03_25_OMRI -5000'!$B7:$B396,MATCH($A6,'03_25_OMRI -5000'!$A7:$A396,0))/1.98 -> 2704.5455 | V6: =T6 -> 2704.5455 | W6: =INDEX('03_25_OMRI -5000'!$C7:$C396,MATCH($A6,'03_25_OMRI -5000'!$A7:$A396,0))/1.98 -> 3506.0606 | Y6: =W6 -> 3506.0606 | Z6: -3500 | AB6: =Z6 -> -3500 | AC6: =INDEX('03_25_OMRI -3500'!$B7:$B396,MATCH($A6,'03_25_OMRI -3500'!$A7:$A396,0))/1.98 -> 1803.0303 | AE6: =AC6 -> 1803.0303 | AF6: =INDEX('03_25_OMRI -3500'!$C7:$C396,MATCH($A6,'03_25_OMRI -3500'!$A7:$A396,0))/1.98 -> 2704.5455 | AH6: =AF6 -> 2704.5455 | AI6: -2000 | AK6: =AI6 -> -2000 | AL6: =INDEX('03_25_OMRI-2000'!$B7:$B396,MATCH($A6,'03_25_OMRI-2000'!$A7:$A396,0))/1.98 -> 1102.0202 | AN6: =AL6 -> 1102.0202 | AO6: =INDEX('03_25_OMRI-2000'!$C7:$C396,MATCH($A6,'03_25_OMRI-2000'!$A7:$A396,0))/1.98 -> 1803.0303 | AQ6: =AO6 -> 1803.0303 | AS6: =N6/(K6+N6) -> 0.53845657 | AT6: =W6/(T6+W6) -> 0.56452793 | AU6: =AF6/(AC6+AF6) -> 0.6 | AV6: =AO6/(AL6+AO6) -> 0.62065369
A7: =A6+1 -> 46109 | B7: =INDEX('03_25_OMRI-2000'!$E$4:$E$393,MATCH($A7,'03_25_OMRI-2000'!$A$4:$A$393,0)) -> 13460 | C7: =DSM2_Historic_data!B7 -> 0 | D7: =B7 -> 13460 | E7: =INDEX('03_25_OMRI-2000'!$D$4:$D$393,MATCH($A7,'03_25_OMRI-2000'!$A$4:$A$393,0)) -> 1959 | F7: =DSM2_Historic_data!C7 -> 0 | G7: =E7 -> 1959 | H7: =-6500 -> -6500 | J7: =H7 -> -6500 | K7: =INDEX('03_25_OMRI -6500'!$B8:$B404,MATCH($A7,'03_25_OMRI -6500'!$A8:$A404,0))/1.98 -> 3506.0606 | L7: =DSM2_Historic_data!D7 -> 0 | M7: =K7 -> 3506.0606 | N7: =INDEX('03_25_OMRI -6500'!$C8:$C404,MATCH($A7,'03_25_OMRI -6500'!$A8:$A404,0))/1.98 -> 4207.5758 | O7: =DSM2_Historic_data!E7 -> 0 | P7: =N7 -> 4207.5758 | Q7: -5000 | S7: =Q7 -> -5000 | T7: =INDEX('03_25_OMRI -5000'!$B8:$B397,MATCH($A7,'03_25_OMRI -5000'!$A8:$A397,0))/1.98 -> 2604.5455 | V7: =T7 -> 2604.5455 | W7: =INDEX('03_25_OMRI -5000'!$C8:$C397,MATCH($A7,'03_25_OMRI -5000'!$A8:$A397,0))/1.98 -> 3506.0606 | Y7: =W7 -> 3506.0606 | Z7: -3500 | AB7: =Z7 -> -3500 | AC7: =INDEX('03_25_OMRI -3500'!$B8:$B397,MATCH($A7,'03_25_OMRI -3500'!$A8:$A397,0))/1.98 -> 1703.0303 | AE7: =AC7 -> 1703.0303 | AF7: =INDEX('03_25_OMRI -3500'!$C8:$C397,MATCH($A7,'03_25_OMRI -3500'!$A8:$A397,0))/1.98 -> 2704.5455 | AH7: =AF7 -> 2704.5455 | AI7: -2000 | AK7: =AI7 -> -2000 | AL7: =INDEX('03_25_OMRI-2000'!$B8:$B397,MATCH($A7,'03_25_OMRI-2000'!$A8:$A397,0))/1.98 -> 1002.0202 | AN7: =AL7 -> 1002.0202 | AO7: =INDEX('03_25_OMRI-2000'!$C8:$C397,MATCH($A7,'03_25_OMRI-2000'!$A8:$A397,0))/1.98 -> 1803.0303 | AQ7: =AO7 -> 1803.0303 | AS7: =N7/(K7+N7) -> 0.5454724 | AT7: =W7/(T7+W7) -> 0.57376643 | AU7: =AF7/(AC7+AF7) -> 0.61361293 | AV7: =AO7/(AL7+AO7) -> 0.64277998
A8: =A7+1 -> 46110 | B8: =INDEX('03_25_OMRI-2000'!$E$4:$E$393,MATCH($A8,'03_25_OMRI-2000'!$A$4:$A$393,0)) -> 13111 | C8: =DSM2_Historic_data!B8 -> 0 | D8: =B8 -> 13111 | E8: =INDEX('03_25_OMRI-2000'!$D$4:$D$393,MATCH($A8,'03_25_OMRI-2000'!$A$4:$A$393,0)) -> 1894 | F8: =DSM2_Historic_data!C8 -> 0 | G8: =E8 -> 1894 | H8: =-6500 -> -6500 | J8: =H8 -> -6500 | K8: =INDEX('03_25_OMRI -6500'!$B9:$B405,MATCH($A8,'03_25_OMRI -6500'!$A9:$A405,0))/1.98 -> 3506.0606 | L8: =DSM2_Historic_data!D8 -> 0 | M8: =K8 -> 3506.0606 | N8: =INDEX('03_25_OMRI -6500'!$C9:$C405,MATCH($A8,'03_25_OMRI -6500'!$A9:$A405,0))/1.98 -> 4207.5758 | O8: =DSM2_Historic_data!E8 -> 0 | P8: =N8 -> 4207.5758 | Q8: -5000 | S8: =Q8 -> -5000 | T8: =INDEX('03_25_OMRI -5000'!$B9:$B398,MATCH($A8,'03_25_OMRI -5000'!$A9:$A398,0))/1.98 -> 2504.5455 | V8: =T8 -> 2504.5455 | W8: =INDEX('03_25_OMRI -5000'!$C9:$C398,MATCH($A8,'03_25_OMRI -5000'!$A9:$A398,0))/1.98 -> 3506.0606 | Y8: =W8 -> 3506.0606 | Z8: -3500 | AB8: =Z8 -> -3500 | AC8: =INDEX('03_25_OMRI -3500'!$B9:$B398,MATCH($A8,'03_25_OMRI -3500'!$A9:$A398,0))/1.98 -> 1703.0303 | AE8: =AC8 -> 1703.0303 | AF8: =INDEX('03_25_OMRI -3500'!$C9:$C398,MATCH($A8,'03_25_OMRI -3500'!$A9:$A398,0))/1.98 -> 2704.5455 | AH8: =AF8 -> 2704.5455 | AI8: -2000 | AK8: =AI8 -> -2000 | AL8: =INDEX('03_25_OMRI-2000'!$B9:$B398,MATCH($A8,'03_25_OMRI-2000'!$A9:$A398,0))/1.98 -> 901.51515 | AN8: =AL8 -> 901.51515 | AO8: =INDEX('03_25_OMRI-2000'!$C9:$C398,MATCH($A8,'03_25_OMRI-2000'!$A9:$A398,0))/1.98 -> 1803.0303 | AQ8: =AO8 -> 1803.0303 | AS8: =N8/(K8+N8) -> 0.5454724 | AT8: =W8/(T8+W8) -> 0.58331233 | AU8: =AF8/(AC8+AF8) -> 0.61361293 | AV8: =AO8/(AL8+AO8) -> 0.66666667
A9: =A8+1 -> 46111 | B9: =INDEX('03_25_OMRI-2000'!$E$4:$E$393,MATCH($A9,'03_25_OMRI-2000'!$A$4:$A$393,0)) -> 12833 | D9: =B9 -> 12833 | E9: =INDEX('03_25_OMRI-2000'!$D$4:$D$393,MATCH($A9,'03_25_OMRI-2000'!$A$4:$A$393,0)) -> 1894 | G9: =E9 -> 1894 | H9: =-6500 -> -6500 | J9: =H9 -> -6500 | K9: =INDEX('03_25_OMRI -6500'!$B10:$B406,MATCH($A9,'03_25_OMRI -6500'!$A10:$A406,0))/1.98 -> 3406.0606 | M9: =K9 -> 3406.0606 | N9: =INDEX('03_25_OMRI -6500'!$C10:$C406,MATCH($A9,'03_25_OMRI -6500'!$A10:$A406,0))/1.98 -> 4207.5758 | P9: =N9 -> 4207.5758 | Q9: -5000 | S9: =Q9 -> -5000 | T9: =INDEX('03_25_OMRI -5000'!$B10:$B399,MATCH($A9,'03_25_OMRI -5000'!$A10:$A399,0))/1.98 -> 2504.5455 | V9: =T9 -> 2504.5455 | W9: =INDEX('03_25_OMRI -5000'!$C10:$C399,MATCH($A9,'03_25_OMRI -5000'!$A10:$A399,0))/1.98 -> 3506.0606 | Y9: =W9 -> 3506.0606 | Z9: -3500 | AB9: =Z9 -> -3500 | AC9: =INDEX('03_25_OMRI -3500'!$B10:$B399,MATCH($A9,'03_25_OMRI -3500'!$A10:$A399,0))/1.98 -> 1703.0303 | AE9: =AC9 -> 1703.0303 | AF9: =INDEX('03_25_OMRI -3500'!$C10:$C399,MATCH($A9,'03_25_OMRI -3500'!$A10:$A399,0))/1.98 -> 2704.5455 | AH9: =AF9 -> 2704.5455 | AI9: -2000 | AK9: =AI9 -> -2000 | AL9: =INDEX('03_25_OMRI-2000'!$B10:$B399,MATCH($A9,'03_25_OMRI-2000'!$A10:$A399,0))/1.98 -> 901.51515 | AN9: =AL9 -> 901.51515 | AO9: =INDEX('03_25_OMRI-2000'!$C10:$C399,MATCH($A9,'03_25_OMRI-2000'!$A10:$A399,0))/1.98 -> 1803.0303 | AQ9: =AO9 -> 1803.0303 | AS9: =N9/(K9+N9) -> 0.55263682 | AT9: =W9/(T9+W9) -> 0.58331233 | AU9: =AF9/(AC9+AF9) -> 0.61361293 | AV9: =AO9/(AL9+AO9) -> 0.66666667
A10: =A9+1 -> 46112 | B10: =INDEX('03_25_OMRI-2000'!$E$4:$E$393,MATCH($A10,'03_25_OMRI-2000'!$A$4:$A$393,0)) -> 12668 | D10: =B10 -> 12668 | E10: =INDEX('03_25_OMRI-2000'!$D$4:$D$393,MATCH($A10,'03_25_OMRI-2000'!$A$4:$A$393,0)) -> 1894 | G10: =E10 -> 1894 | H10: =-6500 -> -6500 | J10: =H10 -> -6500 | K10: =INDEX('03_25_OMRI -6500'!$B11:$B407,MATCH($A10,'03_25_OMRI -6500'!$A11:$A407,0))/1.98 -> 3406.0606 | M10: =K10 -> 3406.0606 | N10: =INDEX('03_25_OMRI -6500'!$C11:$C407,MATCH($A10,'03_25_OMRI -6500'!$A11:$A407,0))/1.98 -> 4207.5758 | P10: =N10 -> 4207.5758 | Q10: -5000 | S10: =Q10 -> -5000 | T10: =INDEX('03_25_OMRI -5000'!$B11:$B400,MATCH($A10,'03_25_OMRI -5000'!$A11:$A400,0))/1.98 -> 2504.5455 | V10: =T10 -> 2504.5455 | W10: =INDEX('03_25_OMRI -5000'!$C11:$C400,MATCH($A10,'03_25_OMRI -5000'!$A11:$A400,0))/1.98 -> 3506.0606 | Y10: =W10 -> 3506.0606 | Z10: -3500 | AB10: =Z10 -> -3500 | AC10: =INDEX('03_25_OMRI -3500'!$B11:$B400,MATCH($A10,'03_25_OMRI -3500'!$A11:$A400,0))/1.98 -> 1603.0303 | AE10: =AC10 -> 1603.0303 | AF10: =INDEX('03_25_OMRI -3500'!$C11:$C400,MATCH($A10,'03_25_OMRI -3500'!$A11:$A400,0))/1.98 -> 2704.5455 | AH10: =AF10 -> 2704.5455 | AI10: -2000 | AK10: =AI10 -> -2000 | AL10: =INDEX('03_25_OMRI-2000'!$B11:$B400,MATCH($A10,'03_25_OMRI-2000'!$A11:$A400,0))/1.98 -> 901.51515 | AN10: =AL10 -> 901.51515 | AO10: =INDEX('03_25_OMRI-2000'!$C11:$C400,MATCH($A10,'03_25_OMRI-2000'!$A11:$A400,0))/1.98 -> 1803.0303 | AQ10: =AO10 -> 1803.0303 | AS10: =N10/(K10+N10) -> 0.55263682 | AT10: =W10/(T10+W10) -> 0.58331233 | AU10: =AF10/(AC10+AF10) -> 0.6278579 | AV10: =AO10/(AL10+AO10) -> 0.66666667
A11: =A10+1 -> 46113 | B11: =INDEX('03_25_OMRI-2000'!$E$4:$E$393,MATCH($A11,'03_25_OMRI-2000'!$A$4:$A$393,0)) -> 12665 | D11: =B11 -> 12665 | E11: =INDEX('03_25_OMRI-2000'!$D$4:$D$393,MATCH($A11,'03_25_OMRI-2000'!$A$4:$A$393,0)) -> 2000 | G11: =E11 -> 2000 | H11: =-6500 -> -6500 | J11: =H11 -> -6500 | K11: =INDEX('03_25_OMRI -6500'!$B12:$B408,MATCH($A11,'03_25_OMRI -6500'!$A12:$A408,0))/1.98 -> 601.0101 | M11: =K11 -> 601.0101 | N11: =INDEX('03_25_OMRI -6500'!$C12:$C408,MATCH($A11,'03_25_OMRI -6500'!$A12:$A408,0))/1.98 -> 4207.5758 | P11: =N11 -> 4207.5758 | Q11: -5000 | S11: =Q11 -> -5000 | T11: =INDEX('03_25_OMRI -5000'!$B12:$B401,MATCH($A11,'03_25_OMRI -5000'!$A12:$A401,0))/1.98 -> 601.0101 | V11: =T11 -> 601.0101 | W11: =INDEX('03_25_OMRI -5000'!$C12:$C401,MATCH($A11,'03_25_OMRI -5000'!$A12:$A401,0))/1.98 -> 3506.0606 | Y11: =W11 -> 3506.0606 | Z11: -3500 | AB11: =Z11 -> -3500 | AC11: =INDEX('03_25_OMRI -3500'!$B12:$B401,MATCH($A11,'03_25_OMRI -3500'!$A12:$A401,0))/1.98 -> 601.0101 | AE11: =AC11 -> 601.0101 | AF11: =INDEX('03_25_OMRI -3500'!$C12:$C401,MATCH($A11,'03_25_OMRI -3500'!$A12:$A401,0))/1.98 -> 2704.5455 | AH11: =AF11 -> 2704.5455 | AI11: -2000 | AK11: =AI11 -> -2000 | AL11: =INDEX('03_25_OMRI-2000'!$B12:$B401,MATCH($A11,'03_25_OMRI-2000'!$A12:$A401,0))/1.98 -> 601.0101 | AN11: =AL11 -> 601.0101 | AO11: =INDEX('03_25_OMRI-2000'!$C12:$C401,MATCH($A11,'03_25_OMRI-2000'!$A12:$A401,0))/1.98 -> 1803.0303 | AQ11: =AO11 -> 1803.0303 | AS11: =N11/(K11+N11) -> 0.87501313 | AT11: =W11/(T11+W11) -> 0.85366454 | AU11: =AF11/(AC11+AF11) -> 0.81818182 | AV11: =AO11/(AL11+AO11) -> 0.75
A12: =A11+1 -> 46114 | B12: =INDEX('03_25_OMRI-2000'!$E$4:$E$393,MATCH($A12,'03_25_OMRI-2000'!$A$4:$A$393,0)) -> 12975 | D12: =B12 -> 12975 | E12: =INDEX('03_25_OMRI-2000'!$D$4:$D$393,MATCH($A12,'03_25_OMRI-2000'!$A$4:$A$393,0)) -> 2000 | G12: =E12 -> 2000 | H12: =-6500 -> -6500 | J12: =H12 -> -6500 | K12: =INDEX('03_25_OMRI -6500'!$B13:$B409,MATCH($A12,'03_25_OMRI -6500'!$A13:$A409,0))/1.98 -> 601.0101 | M12: =K12 -> 601.0101 | N12: =INDEX('03_25_OMRI -6500'!$C13:$C409,MATCH($A12,'03_25_OMRI -6500'!$A13:$A409,0))/1.98 -> 4207.5758 | P12: =N12 -> 4207.5758 | Q12: -5000 | S12: =Q12 -> -5000 | T12: =INDEX('03_25_OMRI -5000'!$B13:$B402,MATCH($A12,'03_25_OMRI -5000'!$A13:$A402,0))/1.98 -> 601.0101 | V12: =T12 -> 601.0101 | W12: =INDEX('03_25_OMRI -5000'!$C13:$C402,MATCH($A12,'03_25_OMRI -5000'!$A13:$A402,0))/1.98 -> 3506.0606 | Y12: =W12 -> 3506.0606 | Z12: -3500 | AB12: =Z12 -> -3500 | AC12: =INDEX('03_25_OMRI -3500'!$B13:$B402,MATCH($A12,'03_25_OMRI -3500'!$A13:$A402,0))/1.98 -> 601.0101 | AE12: =AC12 -> 601.0101 | AF12: =INDEX('03_25_OMRI -3500'!$C13:$C402,MATCH($A12,'03_25_OMRI -3500'!$A13:$A402,0))/1.98 -> 2704.5455 | AH12: =AF12 -> 2704.5455 | AI12: -2000 | AK12: =AI12 -> -2000 | AL12: =INDEX('03_25_OMRI-2000'!$B13:$B402,MATCH($A12,'03_25_OMRI-2000'!$A13:$A402,0))/1.98 -> 601.0101 | AN12: =AL12 -> 601.0101 | AO12: =INDEX('03_25_OMRI-2000'!$C13:$C402,MATCH($A12,'03_25_OMRI-2000'!$A13:$A402,0))/1.98 -> 1803.0303 | AQ12: =AO12 -> 1803.0303 | AS12: =N12/(K12+N12) -> 0.87501313 | AT12: =W12/(T12+W12) -> 0.85366454 | AU12: =AF12/(AC12+AF12) -> 0.81818182 | AV12: =AO12/(AL12+AO12) -> 0.75
A13: =A12+1 -> 46115 | B13: =INDEX('03_25_OMRI-2000'!$E$4:$E$393,MATCH($A13,'03_25_OMRI-2000'!$A$4:$A$393,0)) -> 13907 | D13: =B13 -> 13907 | E13: =INDEX('03_25_OMRI-2000'!$D$4:$D$393,MATCH($A13,'03_25_OMRI-2000'!$A$4:$A$393,0)) -> 2000 | G13: =E13 -> 2000 | H13: =-6500 -> -6500 | J13: =H13 -> -6500 | K13: =INDEX('03_25_OMRI -6500'!$B14:$B410,MATCH($A13,'03_25_OMRI -6500'!$A14:$A410,0))/1.98 -> 601.0101 | M13: =K13 -> 601.0101 | N13: =INDEX('03_25_OMRI -6500'!$C14:$C410,MATCH($A13,'03_25_OMRI -6500'!$A14:$A410,0))/1.98 -> 4207.5758 | P13: =N13 -> 4207.5758 | Q13: -5000 | S13: =Q13 -> -5000 | T13: =INDEX('03_25_OMRI -5000'!$B14:$B403,MATCH($A13,'03_25_OMRI -5000'!$A14:$A403,0))/1.98 -> 601.0101 | V13: =T13 -> 601.0101 | W13: =INDEX('03_25_OMRI -5000'!$C14:$C403,MATCH($A13,'03_25_OMRI -5000'!$A14:$A403,0))/1.98 -> 3506.0606 | Y13: =W13 -> 3506.0606 | Z13: -3500 | AB13: =Z13 -> -3500 | AC13: =INDEX('03_25_OMRI -3500'!$B14:$B403,MATCH($A13,'03_25_OMRI -3500'!$A14:$A403,0))/1.98 -> 601.0101 | AE13: =AC13 -> 601.0101 | AF13: =INDEX('03_25_OMRI -3500'!$C14:$C403,MATCH($A13,'03_25_OMRI -3500'!$A14:$A403,0))/1.98 -> 2704.5455 | AH13: =AF13 -> 2704.5455 | AI13: -2000 | AK13: =AI13 -> -2000 | AL13: =INDEX('03_25_OMRI-2000'!$B14:$B403,MATCH($A13,'03_25_OMRI-2000'!$A14:$A403,0))/1.98 -> 601.0101 | AN13: =AL13 -> 601.0101 | AO13: =INDEX('03_25_OMRI-2000'!$C14:$C403,MATCH($A13,'03_25_OMRI-2000'!$A14:$A403,0))/1.98 -> 1803.0303 | AQ13: =AO13 -> 1803.0303 | AS13: =N13/(K13+N13) -> 0.87501313 | AT13: =W13/(T13+W13) -> 0.85366454 | AU13: =AF13/(AC13+AF13) -> 0.81818182 | AV13: =AO13/(AL13+AO13) -> 0.75
A14: =A13+1 -> 46116 | B14: =INDEX('03_25_OMRI-2000'!$E$4:$E$393,MATCH($A14,'03_25_OMRI-2000'!$A$4:$A$393,0)) -> 13000 | D14: =B14 -> 13000 | E14: =INDEX('03_25_OMRI-2000'!$D$4:$D$393,MATCH($A14,'03_25_OMRI-2000'!$A$4:$A$393,0)) -> 2000 | G14: =E14 -> 2000 | H14: =-6500 -> -6500 | J14: =H14 -> -6500 | K14: =INDEX('03_25_OMRI -6500'!$B15:$B411,MATCH($A14,'03_25_OMRI -6500'!$A15:$A411,0))/1.98 -> 601.0101 | M14: =K14 -> 601.0101 | N14: =INDEX('03_25_OMRI -6500'!$C15:$C411,MATCH($A14,'03_25_OMRI -6500'!$A15:$A411,0))/1.98 -> 4207.5758 | P14: =N14 -> 4207.5758 | Q14: -5000 | S14: =Q14 -> -5000 | T14: =INDEX('03_25_OMRI -5000'!$B15:$B404,MATCH($A14,'03_25_OMRI -5000'!$A15:$A404,0))/1.98 -> 601.0101 | V14: =T14 -> 601.0101 | W14: =INDEX('03_25_OMRI -5000'!$C15:$C404,MATCH($A14,'03_25_OMRI -5000'!$A15:$A404,0))/1.98 -> 3506.0606 | Y14: =W14 -> 3506.0606 | Z14: -3500 | AB14: =Z14 -> -3500 | AC14: =INDEX('03_25_OMRI -3500'!$B15:$B404,MATCH($A14,'03_25_OMRI -3500'!$A15:$A404,0))/1.98 -> 601.0101 | AE14: =AC14 -> 601.0101 | AF14: =INDEX('03_25_OMRI -3500'!$C15:$C404,MATCH($A14,'03_25_OMRI -3500'!$A15:$A404,0))/1.98 -> 2704.5455 | AH14: =AF14 -> 2704.5455 | AI14: -2000 | AK14: =AI14 -> -2000 | AL14: =INDEX('03_25_OMRI-2000'!$B15:$B404,MATCH($A14,'03_25_OMRI-2000'!$A15:$A404,0))/1.98 -> 601.0101 | AN14: =AL14 -> 601.0101 | AO14: =INDEX('03_25_OMRI-2000'!$C15:$C404,MATCH($A14,'03_25_OMRI-2000'!$A15:$A404,0))/1.98 -> 1803.0303 | AQ14: =AO14 -> 1803.0303 | AS14: =N14/(K14+N14) -> 0.87501313 | AT14: =W14/(T14+W14) -> 0.85366454 | AU14: =AF14/(AC14+AF14) -> 0.81818182 | AV14: =AO14/(AL14+AO14) -> 0.75
A15: =A14+1 -> 46117 | B15: =INDEX('03_25_OMRI-2000'!$E$4:$E$393,MATCH($A15,'03_25_OMRI-2000'!$A$4:$A$393,0)) -> 12000 | D15: =B15 -> 12000 | E15: =INDEX('03_25_OMRI-2000'!$D$4:$D$393,MATCH($A15,'03_25_OMRI-2000'!$A$4:$A$393,0)) -> 2000 | G15: =E15 -> 2000 | H15: =-6500 -> -6500 | J15: =H15 -> -6500 | K15: =INDEX('03_25_OMRI -6500'!$B16:$B412,MATCH($A15,'03_25_OMRI -6500'!$A16:$A412,0))/1.98 -> 601.0101 | M15: =K15 -> 601.0101 | N15: =INDEX('03_25_OMRI -6500'!$C16:$C412,MATCH($A15,'03_25_OMRI -6500'!$A16:$A412,0))/1.98 -> 4207.5758 | P15: =N15 -> 4207.5758 | Q15: -5000 | S15: =Q15 -> -5000 | T15: =INDEX('03_25_OMRI -5000'!$B16:$B405,MATCH($A15,'03_25_OMRI -5000'!$A16:$A405,0))/1.98 -> 601.0101 | V15: =T15 -> 601.0101 | W15: =INDEX('03_25_OMRI -5000'!$C16:$C405,MATCH($A15,'03_25_OMRI -5000'!$A16:$A405,0))/1.98 -> 3506.0606 | Y15: =W15 -> 3506.0606 | Z15: -3500 | AB15: =Z15 -> -3500 | AC15: =INDEX('03_25_OMRI -3500'!$B16:$B405,MATCH($A15,'03_25_OMRI -3500'!$A16:$A405,0))/1.98 -> 601.0101 | AE15: =AC15 -> 601.0101 | AF15: =INDEX('03_25_OMRI -3500'!$C16:$C405,MATCH($A15,'03_25_OMRI -3500'!$A16:$A405,0))/1.98 -> 2704.5455 | AH15: =AF15 -> 2704.5455 | AI15: -2000 | AK15: =AI15 -> -2000 | AL15: =INDEX('03_25_OMRI-2000'!$B16:$B405,MATCH($A15,'03_25_OMRI-2000'!$A16:$A405,0))/1.98 -> 601.0101 | AN15: =AL15 -> 601.0101 | AO15: =INDEX('03_25_OMRI-2000'!$C16:$C405,MATCH($A15,'03_25_OMRI-2000'!$A16:$A405,0))/1.98 -> 1803.0303 | AQ15: =AO15 -> 1803.0303 | AS15: =N15/(K15+N15) -> 0.87501313 | AT15: =W15/(T15+W15) -> 0.85366454 | AU15: =AF15/(AC15+AF15) -> 0.81818182 | AV15: =AO15/(AL15+AO15) -> 0.75
A16: =A15+1 -> 46118 | B16: =INDEX('03_25_OMRI-2000'!$E$4:$E$393,MATCH($A16,'03_25_OMRI-2000'!$A$4:$A$393,0)) -> 11000 | D16: =B16 -> 11000 | E16: =INDEX('03_25_OMRI-2000'!$D$4:$D$393,MATCH($A16,'03_25_OMRI-2000'!$A$4:$A$393,0)) -> 2000 | G16: =E16 -> 2000 | H16: =-6500 -> -6500 | J16: =H16 -> -6500 | K16: =INDEX('03_25_OMRI -6500'!$B17:$B413,MATCH($A16,'03_25_OMRI -6500'!$A17:$A413,0))/1.98 -> 601.0101 | M16: =K16 -> 601.0101 | N16: =INDEX('03_25_OMRI -6500'!$C17:$C413,MATCH($A16,'03_25_OMRI -6500'!$A17:$A413,0))/1.98 -> 4207.5758 | P16: =N16 -> 4207.5758 | Q16: -5000 | S16: =Q16 -> -5000 | T16: =INDEX('03_25_OMRI -5000'!$B17:$B406,MATCH($A16,'03_25_OMRI -5000'!$A17:$A406,0))/1.98 -> 601.0101 | V16: =T16 -> 601.0101 | W16: =INDEX('03_25_OMRI -5000'!$C17:$C406,MATCH($A16,'03_25_OMRI -5000'!$A17:$A406,0))/1.98 -> 3506.0606 | Y16: =W16 -> 3506.0606 | Z16: -3500 | AB16: =Z16 -> -3500 | AC16: =INDEX('03_25_OMRI -3500'!$B17:$B406,MATCH($A16,'03_25_OMRI -3500'!$A17:$A406,0))/1.98 -> 601.0101 | AE16: =AC16 -> 601.0101 | AF16: =INDEX('03_25_OMRI -3500'!$C17:$C406,MATCH($A16,'03_25_OMRI -3500'!$A17:$A406,0))/1.98 -> 2704.5455 | AH16: =AF16 -> 2704.5455 | AI16: -2000 | AK16: =AI16 -> -2000 | AL16: =INDEX('03_25_OMRI-2000'!$B17:$B406,MATCH($A16,'03_25_OMRI-2000'!$A17:$A406,0))/1.98 -> 601.0101 | AN16: =AL16 -> 601.0101 | AO16: =INDEX('03_25_OMRI-2000'!$C17:$C406,MATCH($A16,'03_25_OMRI-2000'!$A17:$A406,0))/1.98 -> 1803.0303 | AQ16: =AO16 -> 1803.0303 | AS16: =N16/(K16+N16) -> 0.87501313 | AT16: =W16/(T16+W16) -> 0.85366454 | AU16: =AF16/(AC16+AF16) -> 0.81818182 | AV16: =AO16/(AL16+AO16) -> 0.75
A17: =A16+1 -> 46119 | B17: =INDEX('03_25_OMRI-2000'!$E$4:$E$393,MATCH($A17,'03_25_OMRI-2000'!$A$4:$A$393,0)) -> 10000 | D17: =B17 -> 10000 | E17: =INDEX('03_25_OMRI-2000'!$D$4:$D$393,MATCH($A17,'03_25_OMRI-2000'!$A$4:$A$393,0)) -> 2000 | G17: =E17 -> 2000 | H17: =-6500 -> -6500 | J17: =H17 -> -6500 | K17: =INDEX('03_25_OMRI -6500'!$B18:$B414,MATCH($A17,'03_25_OMRI -6500'!$A18:$A414,0))/1.98 -> 601.0101 | M17: =K17 -> 601.0101 | N17: =INDEX('03_25_OMRI -6500'!$C18:$C414,MATCH($A17,'03_25_OMRI -6500'!$A18:$A414,0))/1.98 -> 4207.5758 | P17: =N17 -> 4207.5758 | Q17: -5000 | S17: =Q17 -> -5000 | T17: =INDEX('03_25_OMRI -5000'!$B18:$B407,MATCH($A17,'03_25_OMRI -5000'!$A18:$A407,0))/1.98 -> 601.0101 | V17: =T17 -> 601.0101 | W17: =INDEX('03_25_OMRI -5000'!$C18:$C407,MATCH($A17,'03_25_OMRI -5000'!$A18:$A407,0))/1.98 -> 3506.0606 | Y17: =W17 -> 3506.0606 | Z17: -3500 | AB17: =Z17 -> -3500 | AC17: =INDEX('03_25_OMRI -3500'!$B18:$B407,MATCH($A17,'03_25_OMRI -3500'!$A18:$A407,0))/1.98 -> 601.0101 | AE17: =AC17 -> 601.0101 | AF17: =INDEX('03_25_OMRI -3500'!$C18:$C407,MATCH($A17,'03_25_OMRI -3500'!$A18:$A407,0))/1.98 -> 2704.5455 | AH17: =AF17 -> 2704.5455 | AI17: -2000 | AK17: =AI17 -> -2000 | AL17: =INDEX('03_25_OMRI-2000'!$B18:$B407,MATCH($A17,'03_25_OMRI-2000'!$A18:$A407,0))/1.98 -> 601.0101 | AN17: =AL17 -> 601.0101 | AO17: =INDEX('03_25_OMRI-2000'!$C18:$C407,MATCH($A17,'03_25_OMRI-2000'!$A18:$A407,0))/1.98 -> 1803.0303 | AQ17: =AO17 -> 1803.0303 | AS17: =N17/(K17+N17) -> 0.87501313 | AT17: =W17/(T17+W17) -> 0.85366454 | AU17: =AF17/(AC17+AF17) -> 0.81818182 | AV17: =AO17/(AL17+AO17) -> 0.75
A18: =A17+1 -> 46120 | B18: =INDEX('03_25_OMRI-2000'!$E$4:$E$393,MATCH($A18,'03_25_OMRI-2000'!$A$4:$A$393,0)) -> 10000 | D18: =B18 -> 10000 | E18: =INDEX('03_25_OMRI-2000'!$D$4:$D$393,MATCH($A18,'03_25_OMRI-2000'!$A$4:$A$393,0)) -> 2000 | G18: =E18 -> 2000 | H18: =-6500 -> -6500 | J18: =H18 -> -6500 | K18: =INDEX('03_25_OMRI -6500'!$B19:$B415,MATCH($A18,'03_25_OMRI -6500'!$A19:$A415,0))/1.98 -> 601.0101 | M18: =K18 -> 601.0101 | N18: =INDEX('03_25_OMRI -6500'!$C19:$C415,MATCH($A18,'03_25_OMRI -6500'!$A19:$A415,0))/1.98 -> 4207.5758 | P18: =N18 -> 4207.5758 | Q18: -5000 | S18: =Q18 -> -5000 | T18: =INDEX('03_25_OMRI -5000'!$B19:$B408,MATCH($A18,'03_25_OMRI -5000'!$A19:$A408,0))/1.98 -> 601.0101 | V18: =T18 -> 601.0101 | W18: =INDEX('03_25_OMRI -5000'!$C19:$C408,MATCH($A18,'03_25_OMRI -5000'!$A19:$A408,0))/1.98 -> 3506.0606 | Y18: =W18 -> 3506.0606 | Z18: -3500 | AB18: =Z18 -> -3500 | AC18: =INDEX('03_25_OMRI -3500'!$B19:$B408,MATCH($A18,'03_25_OMRI -3500'!$A19:$A408,0))/1.98 -> 601.0101 | AE18: =AC18 -> 601.0101 | AF18: =INDEX('03_25_OMRI -3500'!$C19:$C408,MATCH($A18,'03_25_OMRI -3500'!$A19:$A408,0))/1.98 -> 2704.5455 | AH18: =AF18 -> 2704.5455 | AI18: -2000 | AK18: =AI18 -> -2000 | AL18: =INDEX('03_25_OMRI-2000'!$B19:$B408,MATCH($A18,'03_25_OMRI-2000'!$A19:$A408,0))/1.98 -> 601.0101 | AN18: =AL18 -> 601.0101 | AO18: =INDEX('03_25_OMRI-2000'!$C19:$C408,MATCH($A18,'03_25_OMRI-2000'!$A19:$A408,0))/1.98 -> 1803.0303 | AQ18: =AO18 -> 1803.0303 | AS18: =N18/(K18+N18) -> 0.87501313 | AT18: =W18/(T18+W18) -> 0.85366454 | AU18: =AF18/(AC18+AF18) -> 0.81818182 | AV18: =AO18/(AL18+AO18) -> 0.75
A19: =A18+1 -> 46121 | B19: =INDEX('03_25_OMRI-2000'!$E$4:$E$393,MATCH($A19,'03_25_OMRI-2000'!$A$4:$A$393,0)) -> 10000 | D19: =B19 -> 10000 | E19: =INDEX('03_25_OMRI-2000'!$D$4:$D$393,MATCH($A19,'03_25_OMRI-2000'!$A$4:$A$393,0)) -> 2000 | G19: =E19 -> 2000 | H19: =-6500 -> -6500 | J19: =H19 -> -6500 | K19: =INDEX('03_25_OMRI -6500'!$B20:$B416,MATCH($A19,'03_25_OMRI -6500'!$A20:$A416,0))/1.98 -> 601.0101 | M19: =K19 -> 601.0101 | N19: =INDEX('03_25_OMRI -6500'!$C20:$C416,MATCH($A19,'03_25_OMRI -6500'!$A20:$A416,0))/1.98 -> 4207.5758 | P19: =N19 -> 4207.5758 | Q19: -5000 | S19: =Q19 -> -5000 | T19: =INDEX('03_25_OMRI -5000'!$B20:$B409,MATCH($A19,'03_25_OMRI -5000'!$A20:$A409,0))/1.98 -> 601.0101 | V19: =T19 -> 601.0101 | W19: =INDEX('03_25_OMRI -5000'!$C20:$C409,MATCH($A19,'03_25_OMRI -5000'!$A20:$A409,0))/1.98 -> 3506.0606 | Y19: =W19 -> 3506.0606 | Z19: -3500 | AB19: =Z19 -> -3500 | AC19: =INDEX('03_25_OMRI -3500'!$B20:$B409,MATCH($A19,'03_25_OMRI -3500'!$A20:$A409,0))/1.98 -> 601.0101 | AE19: =AC19 -> 601.0101 | AF19: =INDEX('03_25_OMRI -3500'!$C20:$C409,MATCH($A19,'03_25_OMRI -3500'!$A20:$A409,0))/1.98 -> 2704.5455 | AH19: =AF19 -> 2704.5455 | AI19: -2000 | AK19: =AI19 -> -2000 | AL19: =INDEX('03_25_OMRI-2000'!$B20:$B409,MATCH($A19,'03_25_OMRI-2000'!$A20:$A409,0))/1.98 -> 601.0101 | AN19: =AL19 -> 601.0101 | AO19: =INDEX('03_25_OMRI-2000'!$C20:$C409,MATCH($A19,'03_25_OMRI-2000'!$A20:$A409,0))/1.98 -> 1803.0303 | AQ19: =AO19 -> 1803.0303 | AS19: =N19/(K19+N19) -> 0.87501313 | AT19: =W19/(T19+W19) -> 0.85366454 | AU19: =AF19/(AC19+AF19) -> 0.81818182 | AV19: =AO19/(AL19+AO19) -> 0.75
A20: =A19+1 -> 46122 | B20: =INDEX('03_25_OMRI-2000'!$E$4:$E$393,MATCH($A20,'03_25_OMRI-2000'!$A$4:$A$393,0)) -> 10000 | D20: =B20 -> 10000 | E20: =INDEX('03_25_OMRI-2000'!$D$4:$D$393,MATCH($A20,'03_25_OMRI-2000'!$A$4:$A$393,0)) -> 2000 | G20: =E20 -> 2000 | H20: =-6500 -> -6500 | J20: =H20 -> -6500 | K20: =INDEX('03_25_OMRI -6500'!$B21:$B417,MATCH($A20,'03_25_OMRI -6500'!$A21:$A417,0))/1.98 -> 601.0101 | M20: =K20 -> 601.0101 | N20: =INDEX('03_25_OMRI -6500'!$C21:$C417,MATCH($A20,'03_25_OMRI -6500'!$A21:$A417,0))/1.98 -> 4207.5758 | P20: =N20 -> 4207.5758 | Q20: -5000 | S20: =Q20 -> -5000 | T20: =INDEX('03_25_OMRI -5000'!$B21:$B410,MATCH($A20,'03_25_OMRI -5000'!$A21:$A410,0))/1.98 -> 601.0101 | V20: =T20 -> 601.0101 | W20: =INDEX('03_25_OMRI -5000'!$C21:$C410,MATCH($A20,'03_25_OMRI -5000'!$A21:$A410,0))/1.98 -> 3506.0606 | Y20: =W20 -> 3506.0606 | Z20: -3500 | AB20: =Z20 -> -3500 | AC20: =INDEX('03_25_OMRI -3500'!$B21:$B410,MATCH($A20,'03_25_OMRI -3500'!$A21:$A410,0))/1.98 -> 601.0101 | AE20: =AC20 -> 601.0101 | AF20: =INDEX('03_25_OMRI -3500'!$C21:$C410,MATCH($A20,'03_25_OMRI -3500'!$A21:$A410,0))/1.98 -> 2704.5455 | AH20: =AF20 -> 2704.5455 | AI20: -2000 | AK20: =AI20 -> -2000 | AL20: =INDEX('03_25_OMRI-2000'!$B21:$B410,MATCH($A20,'03_25_OMRI-2000'!$A21:$A410,0))/1.98 -> 601.0101 | AN20: =AL20 -> 601.0101 | AO20: =INDEX('03_25_OMRI-2000'!$C21:$C410,MATCH($A20,'03_25_OMRI-2000'!$A21:$A410,0))/1.98 -> 1803.0303 | AQ20: =AO20 -> 1803.0303 | AS20: =N20/(K20+N20) -> 0.87501313 | AT20: =W20/(T20+W20) -> 0.85366454 | AU20: =AF20/(AC20+AF20) -> 0.81818182 | AV20: =AO20/(AL20+AO20) -> 0.75
... A24: =A23+1 -> 46126 | B24: =INDEX('03_25_OMRI-2000'!$E$4:$E$393,MATCH($A24,'03_25_OMRI-2000'!$A$4:$A$393,0)) -> 10000 | D24: =B24 -> 10000 | E24: =INDEX('03_25_OMRI-2000'!$D$4:$D$393,MATCH($A24,'03_25_OMRI-2000'!$A$4:$A$393,0)) -> 2000 | G24: =E24 -> 2000 | H24: =-6500 -> -6500 | J24: =H24 -> -6500 | K24: =INDEX('03_25_OMRI -6500'!$B25:$B421,MATCH($A24,'03_25_OMRI -6500'!$A25:$A421,0))/1.98 -> 601.0101 | M24: =K24 -> 601.0101 | N24: =INDEX('03_25_OMRI -6500'!$C25:$C421,MATCH($A24,'03_25_OMRI -6500'!$A25:$A421,0))/1.98 -> 4207.5758 | P24: =N24 -> 4207.5758 | Q24: -5000 | S24: =Q24 -> -5000 | T24: =INDEX('03_25_OMRI -5000'!$B25:$B414,MATCH($A24,'03_25_OMRI -5000'!$A25:$A414,0))/1.98 -> 601.0101 | V24: =T24 -> 601.0101 | W24: =INDEX('03_25_OMRI -5000'!$C25:$C414,MATCH($A24,'03_25_OMRI -5000'!$A25:$A414,0))/1.98 -> 3506.0606 | Y24: =W24 -> 3506.0606 | Z24: -3500 | AB24: =Z24 -> -3500 | AC24: =INDEX('03_25_OMRI -3500'!$B25:$B414,MATCH($A24,'03_25_OMRI -3500'!$A25:$A414,0))/1.98 -> 601.0101 | AE24: =AC24 -> 601.0101 | AF24: =INDEX('03_25_OMRI -3500'!$C25:$C414,MATCH($A24,'03_25_OMRI -3500'!$A25:$A414,0))/1.98 -> 2704.5455 | AH24: =AF24 -> 2704.5455 | AI24: -2000 | AK24: =AI24 -> -2000 | AL24: =INDEX('03_25_OMRI-2000'!$B25:$B414,MATCH($A24,'03_25_OMRI-2000'!$A25:$A414,0))/1.98 -> 601.0101 | AN24: =AL24 -> 601.0101 | AO24: =INDEX('03_25_OMRI-2000'!$C25:$C414,MATCH($A24,'03_25_OMRI-2000'!$A25:$A414,0))/1.98 -> 1803.0303 | AQ24: =AO24 -> 1803.0303 | AS24: =N24/(K24+N24) -> 0.87501313 | AT24: =W24/(T24+W24) -> 0.85366454 | AU24: =AF24/(AC24+AF24) -> 0.81818182 | AV24: =AO24/(AL24+AO24) -> 0.75
K25: =AVERAGE(K3:K24) -> 1730.2571 | N25: =AVERAGE(N3:N24) -> 4111.0193 | T25: =AVERAGE(T3:T24) -> 1370.5464 | W25: =AVERAGE(W3:W24) -> 3505.1653 | AC25: =AVERAGE(AC3:AC24) -> 1024.4949 | AF25: =AVERAGE(AF3:AF24) -> 2812.9477 | AL25: =AVERAGE(AL3:AL24) -> 774.03581 | AO25: =AVERAGE(AO3:AO24) -> 2034.3664
Z33: Thresholds
T34: Sacramento River at Freeport (cfs) | V34: San Joaquin River at Vernalis (cfs) | AB34: Sacramento River at Freeport (cfs) | AC34: Flow bin | AD34: San Joaquin River at Vernalis (cfs)
R35: Week 1 | S35: =_xlfn.CONCAT(R35," (",TEXT(A3,"mm/dd/yyyy")," - ",TEXT(A9,"mm/dd/yyyy"),")") -> Week 1 (03/24/2026 - 03/30/2026) | T35: =AVERAGE(B3:B9) -> 14894.857 | U35: =IF(T35<=$AB$35,$AC$35,IF(T35>=$AB$37,$AC$37,$AC$36)) -> med | V35: =AVERAGE(E3:E9) -> 2162.2857 | W35: =IF(V35<=$AD$35,$AC$35,IF(V35>=$AD$37,$AC$37,$AC$36)) -> med | X35: =_xlfn.CONCAT(U35,W35) -> medmed | AA35: <= | AB35: 13145 | AC35: lo | AD35: 1983
R36: Week 2 | S36: =_xlfn.CONCAT(R36," (",TEXT(A10,"mm/dd/yyyy")," - ",TEXT(A16,"mm/dd/yyyy"),")") -> Week 2 (03/31/2026 - 04/06/2026) | T36: =AVERAGE(B10:B16) -> 12602.143 | U36: =IF(T36<=$AB$35,$AC$35,IF(T36>=$AB$37,$AC$37,$AC$36)) -> lo | V36: =AVERAGE(E10:E16) -> 1984.8571 | W36: =IF(V36<=$AD$35,$AC$35,IF(V36>=$AD$37,$AC$37,$AC$36)) -> med | X36: =_xlfn.CONCAT(U36,W36) -> lomed | AB36: 24725 | AC36: med | AD36: 4096
R37: Week 3 | S37: =_xlfn.CONCAT(R37," (",TEXT(A17,"mm/dd/yyyy")," - ",TEXT(A23,"mm/dd/yyyy"),")") -> Week 3 (04/07/2026 - 04/13/2026) | T37: =AVERAGE(B18:B24) -> 10000 | U37: =IF(T37<=$AB$35,$AC$35,IF(T37>=$AB$37,$AC$37,$AC$36)) -> lo | V37: =AVERAGE(E18:E24) -> 2000 | W37: =IF(V37<=$AD$35,$AC$35,IF(V37>=$AD$37,$AC$37,$AC$36)) -> med | X37: =_xlfn.CONCAT(U37,W37) -> lomed | AA37: >= | AB37: 24726 | AC37: hi | AD37: 4097
T41: OMR Bins | U41: CVP Exports (cfs) | V41: SWP Exports (cfs) | W41: Total Exports (cfs) | X41: CVP Exports (% of total) | Y41: SWP Exports (% of total))
S42: Week 1 | T42: =H3 -> -6500 | U42: =AVERAGE(N3:N9) -> 3904.1126 | V42: =AVERAGE(K3:K9) -> 3749.3506 | W42: =V42+U42 -> 7653.4632 | X42: =U42/(U42+V42) -> 0.51011058 | Y42: =V42/(V42+U42) -> 0.48988942
T43: -5000 | U43: =AVERAGE(W3:W9) -> 3503.2468 | V43: =AVERAGE(T3:T9) -> 2747.619 | W43: =V43+U43 -> 6250.8658 | X43: =U43/(U43+V43) -> 0.56044184 | Y43: =V43/(V43+U43) -> 0.43955816
T44: -3250 | U44: =AVERAGE(AF3:AF9) -> 3045.2381 | V44: =AVERAGE(AC3:AC9) -> 1788.8167 | W44: =V44+U44 -> 4834.0548 | X44: =U44/(U44+V44) -> 0.62995522 | Y44: =V44/(V44+U44) -> 0.37004478
T45: -2000 | U45: =AVERAGE(AO3:AO9) -> 2530.0866 | V45: =AVERAGE(AL3:AL9) -> 1101.8759 | W45: =V45+U45 -> 3631.9625 | X45: =U45/(U45+V45) -> 0.69661694 | Y45: =V45/(V45+U45) -> 0.30338306
S46: Week 2 | T46: =T42 -> -6500 | U46: =AVERAGE(N10:N16) -> 4207.5758 | V46: =AVERAGE(K10:K16) -> 1001.7316 | W46: =V46+U46 -> 5209.3074 | X46: =U46/(U46+V46) -> 0.80770349 | Y46: =V46/(V46+U46) -> 0.19229651
T47: -5000 | U47: =AVERAGE(W10:W16) -> 3506.0606 | V47: =AVERAGE(T10:T16) -> 872.94372 | W47: =V47+U47 -> 4379.0043 | X47: =U47/(U47+V47) -> 0.80065246 | Y47: =V47/(V47+U47) -> 0.19934754
T48: -3250 | U48: =AVERAGE(AF10:AF16) -> 2704.5455 | V48: =AVERAGE(AC10:AC16) -> 744.15584 | W48: =V48+U48 -> 3448.7013 | X48: =U48/(U48+V48) -> 0.78422143 | Y48: =V48/(V48+U48) -> 0.21577857
T49: -2000 | U49: =AVERAGE(AO10:AO16) -> 1803.0303 | V49: =AVERAGE(AL10:AL16) -> 643.93939 | W49: =V49+U49 -> 2446.9697 | X49: =U49/(U49+V49) -> 0.73684211 | Y49: =V49/(V49+U49) -> 0.26315789
S50: Week 3 | T50: =T46 -> -6500 | U50: =AVERAGE(N18:N24) -> 4207.5758 | V50: =AVERAGE(K18:K24) -> 601.0101 | W50: =V50+U50 -> 4808.5859 | X50: =U50/(U50+V50) -> 0.87501313 | Y50: =V50/(V50+U50) -> 0.12498687
T51: -5000 | U51: =AVERAGE(W18:W24) -> 3506.0606 | V51: =AVERAGE(T18:T24) -> 601.0101 | W51: =V51+U51 -> 4107.0707 | X51: =U51/(U51+V51) -> 0.85366454 | Y51: =V51/(V51+U51) -> 0.14633546
T52: -3250 | U52: =AVERAGE(AF18:AF24) -> 2704.5455 | V52: =AVERAGE(AC18:AC24) -> 601.0101 | W52: =V52+U52 -> 3305.5556 | X52: =U52/(U52+V52) -> 0.81818182 | Y52: =V52/(V52+U52) -> 0.18181818
T53: -2000 | U53: =AVERAGE(AO18:AO24) -> 1803.0303 | V53: =AVERAGE(AL18:AL24) -> 601.0101 | W53: =V53+U53 -> 2404.0404 | X53: =U53/(U53+V53) -> 0.75 | Y53: =V53/(V53+U53) -> 0.25

Sheet 03_25_OMRI-2000
A1: Forecast start date | D1: VNS-QR | E1: FPT-QR | K1: data type | M1: Data request:
A2: 46106 | B2: af | C2: af | D2: cfs | E2: cfs | F2: cfs | G2: cfs | H2: cfs | I2: cfs | J2: cfs | M2: 31 days of historical measured data prior to forecast date
A3: DATE | B3: CCF | C3: TPP | D3: VNS | E3: FPT | F3: CAL | G3: MOKE | H3: COS | I3: SACWEIR | J3: FREWEIR | M3: 14 days of forecast data after forecast date
A4: 46075 | B4: 10903 | C4: 8380 | D4: 8415 | E4: 51392 | F4: 696 | G4: 279 | H4: 918 | I4: 0 | J4: 0 | K4: Measured
A5: 46076 | B5: 10893 | C5: 8374 | D5: 8261 | E5: 50640 | F5: 701 | G5: 281 | H5: 830 | I5: 0 | J5: 0 | K5: Measured
A6: 46077 | B6: 10701 | C6: 8399 | D6: 8270 | E6: 49428 | F6: 703 | G6: 281 | H6: 823 | I6: 0 | J6: 0 | K6: Measured
A7: 46078 | B7: 10495 | C7: 8437 | D7: 8057 | E7: 47908 | F7: 577 | G7: 299 | H7: 1320 | I7: 0 | J7: 0 | K7: Measured
A8: 46079 | B8: 10295 | C8: 8413 | D8: 7762 | E8: 51892 | F8: 446 | G8: 298 | H8: 1979 | I8: 0 | J8: 0 | K8: Measured
A9: 46080 | B9: 9912 | C9: 8409 | D9: 7473 | E9: 58456 | F9: 343 | G9: 299 | H9: 2079 | I9: 0 | J9: 3106 | K9: Measured
A10: 46081 | B10: 9714 | C10: 8428 | D10: 7166 | E10: 63664 | F10: 296 | G10: 332 | H10: 2239 | I10: 0 | J10: 21886 | K10: Measured
A11: 46082 | B11: 9333 | C11: 8434 | D11: 6944 | E11: 64696 | F11: 297 | G11: 289 | H11: 2379 | I11: 0 | J11: 17424 | K11: Measured
A12: 46083 | B12: 8916 | C12: 8425 | D12: 6779 | E12: 63016 | F12: 248 | G12: 338 | H12: 2263 | I12: 0 | J12: 7377 | K12: Measured
A13: 46084 | B13: 8908 | C13: 8418 | D13: 6611 | E13: 60568 | F13: 204 | G13: 317 | H13: 1994 | I13: 0 | J13: 796 | K13: Measured
A14: 46085 | B14: 8707 | C14: 8411 | D14: 6389 | E14: 57779 | F14: 148 | G14: 328 | H14: 1744 | I14: 0 | J14: 0 | K14: Measured
A15: 46086 | B15: 8523 | C15: 8372 | D15: 6215 | E15: 54132 | F15: 99 | G15: 359 | H15: 1555 | I15: 0 | J15: 0 | K15: Measured
... A48: 46119 | B48: 1190 | C48: 3570 | D48: 2000 | E48: 10000 | F48: 61 | G48: 182 | H48: 500 | I48: 0 | J48: 0 | K48: Forecasted
A49: 46120 | B49: =B48 -> 1190 | C49: =C48 -> 3570 | D49: =D48 -> 2000 | E49: =E48 -> 10000 | F49: =F48 -> 61 | G49: =G48 -> 182 | H49: =H48 -> 500 | I49: =I48 -> 0 | ... K49: =K48 -> Forecasted
A50: 46121 | B50: =B49 -> 1190 | C50: =C49 -> 3570 | D50: =D49 -> 2000 | E50: =E49 -> 10000 | F50: =F49 -> 61 | G50: =G49 -> 182 | H50: =H49 -> 500 | I50: =I49 -> 0 | ... K50: =K49 -> Forecasted
A51: 46122 | B51: =B50 -> 1190 | C51: =C50 -> 3570 | D51: =D50 -> 2000 | E51: =E50 -> 10000 | F51: =F50 -> 61 | G51: =G50 -> 182 | H51: =H50 -> 500 | I51: =I50 -> 0 | ... K51: =K50 -> Forecasted
A52: 46123 | B52: =B51 -> 1190 | C52: =C51 -> 3570 | D52: =D51 -> 2000 | E52: =E51 -> 10000 | F52: =F51 -> 61 | G52: =G51 -> 182 | H52: =H51 -> 500 | I52: =I51 -> 0 | ... K52: =K51 -> Forecasted
A53: 46124 | B53: =B52 -> 1190 | C53: =C52 -> 3570 | D53: =D52 -> 2000 | E53: =E52 -> 10000 | F53: =F52 -> 61 | G53: =G52 -> 182 | H53: =H52 -> 500 | I53: =I52 -> 0 | ... K53: =K52 -> Forecasted
A54: 46125 | B54: =B53 -> 1190 | C54: =C53 -> 3570 | D54: =D53 -> 2000 | E54: =E53 -> 10000 | F54: =F53 -> 61 | G54: =G53 -> 182 | H54: =H53 -> 500 | I54: =I53 -> 0 | ... K54: =K53 -> Forecasted
A55: 46126 | B55: =B54 -> 1190 | C55: =C54 -> 3570 | D55: =D54 -> 2000 | E55: =E54 -> 10000 | F55: =F54 -> 61 | G55: =G54 -> 182 | H55: =H54 -> 500 | I55: =I54 -> 0 | ... K55: =K54 -> Forecasted
A56: 46127 | B56: =B55 -> 1190 | C56: =C55 -> 3570 | D56: =D55 -> 2000 | E56: =E55 -> 10000 | F56: =F55 -> 61 | G56: =G55 -> 182 | H56: =H55 -> 500 | I56: =I55 -> 0 | ... K56: =K55 -> Forecasted

Sheet 03_25_OMRI -3500
A1: Forecast start date | D1: VNS-QR | E1: FPT-QR | K1: data type | M1: Data request:
A2: 46106 | B2: af | C2: af | D2: cfs | E2: cfs | F2: cfs | G2: cfs | H2: cfs | I2: cfs | J2: cfs | M2: 31 days of historical measured data prior to forecast date
A3: DATE | B3: CCF | C3: TPP | D3: VNS | E3: FPT | F3: CAL | G3: MOKE | H3: COS | I3: SACWEIR | J3: FREWEIR | M3: 14 days of forecast data after forecast date
A4: 46075 | B4: 10903 | C4: 8380 | D4: 8415 | E4: 51392 | F4: 696 | G4: 279 | H4: 918 | I4: 0 | J4: 0 | K4: Measured
A5: 46076 | B5: 10893 | C5: 8374 | D5: 8261 | E5: 50640 | F5: 701 | G5: 281 | H5: 830 | I5: 0 | J5: 0 | K5: Measured
A6: 46077 | B6: 10701 | C6: 8399 | D6: 8270 | E6: 49428 | F6: 703 | G6: 281 | H6: 823 | I6: 0 | J6: 0 | K6: Measured
A7: 46078 | B7: 10495 | C7: 8437 | D7: 8057 | E7: 47908 | F7: 577 | G7: 299 | H7: 1320 | I7: 0 | J7: 0 | K7: Measured
A8: 46079 | B8: 10295 | C8: 8413 | D8: 7762 | E8: 51892 | F8: 446 | G8: 298 | H8: 1979 | I8: 0 | J8: 0 | K8: Measured
A9: 46080 | B9: 9912 | C9: 8409 | D9: 7473 | E9: 58456 | F9: 343 | G9: 299 | H9: 2079 | I9: 0 | J9: 3106 | K9: Measured
A10: 46081 | B10: 9714 | C10: 8428 | D10: 7166 | E10: 63664 | F10: 296 | G10: 332 | H10: 2239 | I10: 0 | J10: 21886 | K10: Measured
A11: 46082 | B11: 9333 | C11: 8434 | D11: 6944 | E11: 64696 | F11: 297 | G11: 289 | H11: 2379 | I11: 0 | J11: 17424 | K11: Measured
A12: 46083 | B12: 8916 | C12: 8425 | D12: 6779 | E12: 63016 | F12: 248 | G12: 338 | H12: 2263 | I12: 0 | J12: 7377 | K12: Measured
A13: 46084 | B13: 8908 | C13: 8418 | D13: 6611 | E13: 60568 | F13: 204 | G13: 317 | H13: 1994 | I13: 0 | J13: 796 | K13: Measured
A14: 46085 | B14: 8707 | C14: 8411 | D14: 6389 | E14: 57779 | F14: 148 | G14: 328 | H14: 1744 | I14: 0 | J14: 0 | K14: Measured
A15: 46086 | B15: 8523 | C15: 8372 | D15: 6215 | E15: 54132 | F15: 99 | G15: 359 | H15: 1555 | I15: 0 | J15: 0 | K15: Measured
... A48: 46119 | B48: 1190 | C48: 5355 | D48: 2000 | E48: 10000 | F48: 61 | G48: 182 | H48: 500 | I48: 0 | J48: 0 | K48: Forecasted
A49: 46120 | B49: =B48 -> 1190 | C49: =C48 -> 5355 | D49: =D48 -> 2000 | E49: =E48 -> 10000 | F49: =F48 -> 61 | G49: =G48 -> 182 | H49: =H48 -> 500 | I49: =I48 -> 0 | ... K49: =K48 -> Forecasted
A50: 46121 | B50: =B49 -> 1190 | C50: =C49 -> 5355 | D50: =D49 -> 2000 | E50: =E49 -> 10000 | F50: =F49 -> 61 | G50: =G49 -> 182 | H50: =H49 -> 500 | I50: =I49 -> 0 | ... K50: =K49 -> Forecasted
A51: 46122 | B51: =B50 -> 1190 | C51: =C50 -> 5355 | D51: =D50 -> 2000 | E51: =E50 -> 10000 | F51: =F50 -> 61 | G51: =G50 -> 182 | H51: =H50 -> 500 | I51: =I50 -> 0 | ... K51: =K50 -> Forecasted
A52: 46123 | B52: =B51 -> 1190 | C52: =C51 -> 5355 | D52: =D51 -> 2000 | E52: =E51 -> 10000 | F52: =F51 -> 61 | G52: =G51 -> 182 | H52: =H51 -> 500 | I52: =I51 -> 0 | ... K52: =K51 -> Forecasted
A53: 46124 | B53: =B52 -> 1190 | C53: =C52 -> 5355 | D53: =D52 -> 2000 | E53: =E52 -> 10000 | F53: =F52 -> 61 | G53: =G52 -> 182 | H53: =H52 -> 500 | I53: =I52 -> 0 | ... K53: =K52 -> Forecasted
A54: 46125 | B54: =B53 -> 1190 | C54: =C53 -> 5355 | D54: =D53 -> 2000 | E54: =E53 -> 10000 | F54: =F53 -> 61 | G54: =G53 -> 182 | H54: =H53 -> 500 | I54: =I53 -> 0 | ... K54: =K53 -> Forecasted
A55: 46126 | B55: =B54 -> 1190 | C55: =C54 -> 5355 | D55: =D54 -> 2000 | E55: =E54 -> 10000 | F55: =F54 -> 61 | G55: =G54 -> 182 | H55: =H54 -> 500 | I55: =I54 -> 0 | ... K55: =K54 -> Forecasted
A56: 46127 | B56: =B55 -> 1190 | C56: =C55 -> 5355 | D56: =D55 -> 2000 | E56: =E55 -> 10000 | F56: =F55 -> 61 | G56: =G55 -> 182 | H56: =H55 -> 500 | I56: =I55 -> 0 | ... K56: =K55 -> Forecasted

Sheet 03_25_OMRI -5000
A1: Forecast start date | D1: VNS-QR | E1: FPT-QR | K1: data type | M1: Data request:
A2: 46106 | B2: af | C2: af | D2: cfs | E2: cfs | F2: cfs | G2: cfs | H2: cfs | I2: cfs | J2: cfs | M2: 31 days of historical measured data prior to forecast date
A3: DATE | B3: CCF | C3: TPP | D3: VNS | E3: FPT | F3: CAL | G3: MOKE | H3: COS | I3: SACWEIR | J3: FREWEIR | M3: 14 days of forecast data after forecast date
A4: 46075 | B4: 10903 | C4: 8380 | D4: 8415 | E4: 51392 | F4: 696 | G4: 279 | H4: 918 | I4: 0 | J4: 0 | K4: Measured
A5: 46076 | B5: 10893 | C5: 8374 | D5: 8261 | E5: 50640 | F5: 701 | G5: 281 | H5: 830 | I5: 0 | J5: 0 | K5: Measured
A6: 46077 | B6: 10701 | C6: 8399 | D6: 8270 | E6: 49428 | F6: 703 | G6: 281 | H6: 823 | I6: 0 | J6: 0 | K6: Measured
A7: 46078 | B7: 10495 | C7: 8437 | D7: 8057 | E7: 47908 | F7: 577 | G7: 299 | H7: 1320 | I7: 0 | J7: 0 | K7: Measured
A8: 46079 | B8: 10295 | C8: 8413 | D8: 7762 | E8: 51892 | F8: 446 | G8: 298 | H8: 1979 | I8: 0 | J8: 0 | K8: Measured
A9: 46080 | B9: 9912 | C9: 8409 | D9: 7473 | E9: 58456 | F9: 343 | G9: 299 | H9: 2079 | I9: 0 | J9: 3106 | K9: Measured
A10: 46081 | B10: 9714 | C10: 8428 | D10: 7166 | E10: 63664 | F10: 296 | G10: 332 | H10: 2239 | I10: 0 | J10: 21886 | K10: Measured
A11: 46082 | B11: 9333 | C11: 8434 | D11: 6944 | E11: 64696 | F11: 297 | G11: 289 | H11: 2379 | I11: 0 | J11: 17424 | K11: Measured
A12: 46083 | B12: 8916 | C12: 8425 | D12: 6779 | E12: 63016 | F12: 248 | G12: 338 | H12: 2263 | I12: 0 | J12: 7377 | K12: Measured
A13: 46084 | B13: 8908 | C13: 8418 | D13: 6611 | E13: 60568 | F13: 204 | G13: 317 | H13: 1994 | I13: 0 | J13: 796 | K13: Measured
A14: 46085 | B14: 8707 | C14: 8411 | D14: 6389 | E14: 57779 | F14: 148 | G14: 328 | H14: 1744 | I14: 0 | J14: 0 | K14: Measured
A15: 46086 | B15: 8523 | C15: 8372 | D15: 6215 | E15: 54132 | F15: 99 | G15: 359 | H15: 1555 | I15: 0 | J15: 0 | K15: Measured
... A48: 46119 | B48: 1190 | C48: 6942 | D48: 2000 | E48: 10000 | F48: 61 | G48: 182 | H48: 500 | I48: 0 | J48: 0 | K48: Forecasted
A49: 46120 | B49: =B48 -> 1190 | C49: =C48 -> 6942 | D49: =D48 -> 2000 | E49: =E48 -> 10000 | F49: =F48 -> 61 | G49: =G48 -> 182 | H49: =H48 -> 500 | I49: =I48 -> 0 | ... K49: =K48 -> Forecasted
A50: 46121 | B50: =B49 -> 1190 | C50: =C49 -> 6942 | D50: =D49 -> 2000 | E50: =E49 -> 10000 | F50: =F49 -> 61 | G50: =G49 -> 182 | H50: =H49 -> 500 | I50: =I49 -> 0 | ... K50: =K49 -> Forecasted
A51: 46122 | B51: =B50 -> 1190 | C51: =C50 -> 6942 | D51: =D50 -> 2000 | E51: =E50 -> 10000 | F51: =F50 -> 61 | G51: =G50 -> 182 | H51: =H50 -> 500 | I51: =I50 -> 0 | ... K51: =K50 -> Forecasted
A52: 46123 | B52: =B51 -> 1190 | C52: =C51 -> 6942 | D52: =D51 -> 2000 | E52: =E51 -> 10000 | F52: =F51 -> 61 | G52: =G51 -> 182 | H52: =H51 -> 500 | I52: =I51 -> 0 | ... K52: =K51 -> Forecasted
A53: 46124 | B53: =B52 -> 1190 | C53: =C52 -> 6942 | D53: =D52 -> 2000 | E53: =E52 -> 10000 | F53: =F52 -> 61 | G53: =G52 -> 182 | H53: =H52 -> 500 | I53: =I52 -> 0 | ... K53: =K52 -> Forecasted
A54: 46125 | B54: =B53 -> 1190 | C54: =C53 -> 6942 | D54: =D53 -> 2000 | E54: =E53 -> 10000 | F54: =F53 -> 61 | G54: =G53 -> 182 | H54: =H53 -> 500 | I54: =I53 -> 0 | ... K54: =K53 -> Forecasted
A55: 46126 | B55: =B54 -> 1190 | C55: =C54 -> 6942 | D55: =D54 -> 2000 | E55: =E54 -> 10000 | F55: =F54 -> 61 | G55: =G54 -> 182 | H55: =H54 -> 500 | I55: =I54 -> 0 | ... K55: =K54 -> Forecasted
A56: 46127 | B56: =B55 -> 1190 | C56: =C55 -> 6942 | D56: =D55 -> 2000 | E56: =E55 -> 10000 | F56: =F55 -> 61 | G56: =G55 -> 182 | H56: =H55 -> 500 | I56: =I55 -> 0 | ... K56: =K55 -> Forecasted

Sheet 03_25_OMRI -6500
A1: Forecast start date | D1: VNS-QR | E1: FPT-QR | K1: data type | M1: Data request:
A2: 46106 | B2: af | C2: af | D2: cfs | E2: cfs | F2: cfs | G2: cfs | H2: cfs | I2: cfs | J2: cfs | M2: 31 days of historical measured data prior to forecast date
A3: DATE | B3: CCF | C3: TPP | D3: VNS | E3: FPT | F3: CAL | G3: MOKE | H3: COS | I3: SACWEIR | J3: FREWEIR | M3: 14 days of forecast data after forecast date
A4: 46075 | B4: 10903 | C4: 8380 | D4: 8415 | E4: 51392 | F4: 696 | G4: 279 | H4: 918 | I4: 0 | J4: 0 | K4: Measured
A5: 46076 | B5: 10893 | C5: 8374 | D5: 8261 | E5: 50640 | F5: 701 | G5: 281 | H5: 830 | I5: 0 | J5: 0 | K5: Measured
A6: 46077 | B6: 10701 | C6: 8399 | D6: 8270 | E6: 49428 | F6: 703 | G6: 281 | H6: 823 | I6: 0 | J6: 0 | K6: Measured
A7: 46078 | B7: 10495 | C7: 8437 | D7: 8057 | E7: 47908 | F7: 577 | G7: 299 | H7: 1320 | I7: 0 | J7: 0 | K7: Measured
A8: 46079 | B8: 10295 | C8: 8413 | D8: 7762 | E8: 51892 | F8: 446 | G8: 298 | H8: 1979 | I8: 0 | J8: 0 | K8: Measured
A9: 46080 | B9: 9912 | C9: 8409 | D9: 7473 | E9: 58456 | F9: 343 | G9: 299 | H9: 2079 | I9: 0 | J9: 3106 | K9: Measured
A10: 46081 | B10: 9714 | C10: 8428 | D10: 7166 | E10: 63664 | F10: 296 | G10: 332 | H10: 2239 | I10: 0 | J10: 21886 | K10: Measured
A11: 46082 | B11: 9333 | C11: 8434 | D11: 6944 | E11: 64696 | F11: 297 | G11: 289 | H11: 2379 | I11: 0 | J11: 17424 | K11: Measured
A12: 46083 | B12: 8916 | C12: 8425 | D12: 6779 | E12: 63016 | F12: 248 | G12: 338 | H12: 2263 | I12: 0 | J12: 7377 | K12: Measured
A13: 46084 | B13: 8908 | C13: 8418 | D13: 6611 | E13: 60568 | F13: 204 | G13: 317 | H13: 1994 | I13: 0 | J13: 796 | K13: Measured
A14: 46085 | B14: 8707 | C14: 8411 | D14: 6389 | E14: 57779 | F14: 148 | G14: 328 | H14: 1744 | I14: 0 | J14: 0 | K14: Measured
A15: 46086 | B15: 8523 | C15: 8372 | D15: 6215 | E15: 54132 | F15: 99 | G15: 359 | H15: 1555 | I15: 0 | J15: 0 | K15: Measured
... A48: 46119 | B48: 1190 | C48: 8331 | D48: 2000 | E48: 10000 | F48: 61 | G48: 182 | H48: 500 | I48: 0 | J48: 0 | K48: Forecasted
A49: 46120 | B49: =B48 -> 1190 | C49: =C48 -> 8331 | D49: =D48 -> 2000 | E49: =E48 -> 10000 | F49: =F48 -> 61 | G49: =G48 -> 182 | H49: =H48 -> 500 | I49: =I48 -> 0 | ... K49: =K48 -> Forecasted
A50: 46121 | B50: =B49 -> 1190 | C50: =C49 -> 8331 | D50: =D49 -> 2000 | E50: =E49 -> 10000 | F50: =F49 -> 61 | G50: =G49 -> 182 | H50: =H49 -> 500 | I50: =I49 -> 0 | ... K50: =K49 -> Forecasted
A51: 46122 | B51: =B50 -> 1190 | C51: =C50 -> 8331 | D51: =D50 -> 2000 | E51: =E50 -> 10000 | F51: =F50 -> 61 | G51: =G50 -> 182 | H51: =H50 -> 500 | I51: =I50 -> 0 | ... K51: =K50 -> Forecasted
A52: 46123 | B52: =B51 -> 1190 | C52: =C51 -> 8331 | D52: =D51 -> 2000 | E52: =E51 -> 10000 | F52: =F51 -> 61 | G52: =G51 -> 182 | H52: =H51 -> 500 | I52: =I51 -> 0 | ... K52: =K51 -> Forecasted
A53: 46124 | B53: =B52 -> 1190 | C53: =C52 -> 8331 | D53: =D52 -> 2000 | E53: =E52 -> 10000 | F53: =F52 -> 61 | G53: =G52 -> 182 | H53: =H52 -> 500 | I53: =I52 -> 0 | ... K53: =K52 -> Forecasted
A54: 46125 | B54: =B53 -> 1190 | C54: =C53 -> 8331 | D54: =D53 -> 2000 | E54: =E53 -> 10000 | F54: =F53 -> 61 | G54: =G53 -> 182 | H54: =H53 -> 500 | I54: =I53 -> 0 | ... K54: =K53 -> Forecasted
A55: 46126 | B55: =B54 -> 1190 | C55: =C54 -> 8331 | D55: =D54 -> 2000 | E55: =E54 -> 10000 | F55: =F54 -> 61 | G55: =G54 -> 182 | H55: =H54 -> 500 | I55: =I54 -> 0 | ... K55: =K54 -> Forecasted
A56: 46127 | B56: =B55 -> 1190 | C56: =C55 -> 8331 | D56: =D55 -> 2000 | E56: =E55 -> 10000 | F56: =F55 -> 61 | G56: =G55 -> 182 | H56: =H55 -> 500 | I56: =I55 -> 0 | ... K56: =K55 -> Forecasted

Sheet DSM2_Historic_data
B1: FPT | C1: VNS | D1: CCF | E1: TPP
A2: Date | B2: cfs | C2: cfs | D2: cfs | E2: cfs
A3: =plot_example!A3 -> 46105
A4: =A3+1 -> 46106
A5: =A4+1 -> 46107
A6: =A5+1 -> 46108
A7: =A6+1 -> 46109
A8: =A7+1 -> 46110
A9: =A8+1 -> 46111

Sheet OMR Summary
A1: Daily OMR less than -2000 | F1: Daily OMR less than -3500
L2: Data from CVO OMR Summary Starting | Z2: Data from individual OMRI csv files
B3: Pumping | F3: Pumping
B4: Tracy | C4: Clifton Court | D4: Daily OMR | E4: Daily JPF | F4: Tracy | G4: Clifton Court | H4: Daily OMR | I4: Daily JPF
B5: cfs | C5: cfs | D5: cfs | E5: cfs | F5: cfs | G5: cfs | H5: cfs | I5: cfs
A6: 46106 | B6: 3500 | C6: 300 | D6: -2551.136 | E6: 1927.9801 | F6: 3500 | G6: 1300 | H6: -3462.136 | I6: 927.98011
A7: =A6+1 -> 46107 | B7: 3500 | C7: 300 | D7: -2686.3965 | E7: 1482.5041 | F7: 3500 | G7: 1100 | H7: -3415.1965 | I7: 682.50411
A8: =A7+1 -> 46108 | B8: 1800 | C8: 1100 | D8: -1967.7241 | E8: 1922.539 | F8: 2700 | G8: 1800 | H8: -3425.3241 | I8: 322.539
A9: =A8+1 -> 46109 | B9: 1800 | C9: 1000 | D9: -1958.6616 | E9: 1695.117 | F9: 2700 | G9: 1700 | H9: -3416.2616 | I9: 95.117
A10: =A9+1 -> 46110 | B10: 1800 | C10: 900 | D10: -1918.9006 | E10: 1575.28 | F10: 2700 | G10: 1700 | H10: -3467.6006 | I10: -124.72
A11: =A10+1 -> 46111 | B11: 1800 | C11: 900 | D11: -1949.5156 | E11: 1463.863 | F11: 2700 | G11: 1700 | H11: -3498.2156 | I11: -236.137
A12: =A11+1 -> 46112 | B12: 1800 | C12: 900 | D12: -1960.9031 | E12: 1426.889 | F12: 2700 | G12: 1600 | H12: -3418.5031 | I12: -173.111
A15: Daily OMR less than -5000 | F15: Daily OMR less than -6500
B17: Pumping | F17: Pumping
B18: Tracy | C18: Clifton Court | D18: Daily OMR | E18: Daily JPF | F18: Tracy | G18: Clifton Court | H18: Daily OMR | I18: Daily JPF
B19: cfs | C19: cfs | D19: cfs | E19: cfs | F19: cfs | G19: cfs | H19: cfs | I19: cfs
A20: =A6 -> 46106 | B20: 3500 | C20: 2900 | D20: -4919.736 | E20: -672.01989 | F20: 3500 | G20: 4600 | H20: -6468.436 | I20: -2372.0199
A21: =A7 -> 46107 | B21: 3500 | C21: 2800 | D21: -4963.8965 | E21: -1017.4959 | F21: 3500 | G21: 4400 | H21: -6421.4965 | I21: -2617.4959
A22: =A8 -> 46108 | B22: 3500 | C22: 2700 | D22: -4974.0241 | E22: -1377.461 | F22: 4200 | G22: 3600 | H22: -6431.6241 | I22: -2977.461
A23: =A9 -> 46109 | B23: 3500 | C23: 2600 | D23: -4964.9616 | E23: -1604.883 | F23: 4200 | G23: 3500 | H23: -6422.5616 | I23: -3204.883
A24: =A10 -> 46110 | B24: 3500 | C24: 2500 | D24: -4925.2006 | E24: -1724.72 | F24: 4200 | G24: 3500 | H24: -6473.9006 | I24: -3424.72
A25: =A11 -> 46111 | B25: 3500 | C25: 2500 | D25: -4955.8156 | E25: -1836.137 | F25: 4200 | G25: 3400 | H25: -6413.4156 | I25: -3436.137
A26: =A12 -> 46112 | B26: 3500 | C26: 2500 | D26: -4967.2031 | E26: -1873.111 | F26: 4200 | G26: 3400 | H26: -6424.8031 | I26: -3473.111
